{"cameraMode":{"drawMode":0,"name":"Shaded","section":"Shading Mode"},"sceneLighting":true,"audioPlay":false,"sceneViewState":{"showFog":true,"showMaterialUpdate":false,"showSkybox":true,"showFlares":true,"showImageEffects":true,"showParticleSystems":true},"in2DMode":false,"pivot":{"x":-3.845468282699585,"y":4.803668975830078,"z":-2.1103157997131349},"rotation":{"x":-0.012455936521291733,"y":0.7327931523323059,"z":-0.013418396934866906,"w":-0.6802071332931519},"size":15.03105640411377,"orthographic":false}